{"cameraMode":{"drawMode":0,"name":"Shaded","section":"Shading Mode"},"sceneLighting":false,"audioPlay":false,"sceneViewState":{"m_AlwaysRefresh":false,"showFog":true,"showSkybox":false,"showFlares":true,"showImageEffects":true,"showParticleSystems":true,"showVisualEffectGraphs":true,"m_FxEnabled":true},"in2DMode":false,"pivot":{"x":0.0489690899848938,"y":0.3036234378814697,"z":-5.960464477539063e-8},"rotation":{"x":-0.19673797488212586,"y":0.04834211990237236,"z":-0.012943361885845662,"w":-0.9798517823219299},"size":3.806379556655884,"orthographic":false}