{"cameraMode":{"drawMode":0,"name":"Shaded","section":"Shading Mode"},"sceneLighting":false,"audioPlay":false,"sceneViewState":{"m_AlwaysRefresh":false,"showFog":true,"showSkybox":false,"showFlares":true,"showImageEffects":true,"showParticleSystems":true,"showVisualEffectGraphs":true,"m_FxEnabled":true},"in2DMode":false,"pivot":{"x":0.7095152735710144,"y":0.27259960770606997,"z":-1.346911072731018},"rotation":{"x":0.052012037485837939,"y":0.8282840847969055,"z":-0.07377449423074722,"w":0.5540591478347778},"size":0.5221354961395264,"orthographic":false}